{"cameraMode":{"drawMode":0,"name":"Shaded","section":"Shading Mode"},"sceneLighting":true,"audioPlay":false,"sceneViewState":{"m_AlwaysRefresh":false,"showFog":true,"showSkybox":true,"showFlares":true,"showImageEffects":true,"showParticleSystems":true,"showVisualEffectGraphs":true,"m_FxEnabled":true},"in2DMode":false,"pivot":{"x":-1.8032615184783936,"y":2.676736831665039,"z":0.0489354133605957},"rotation":{"x":-0.1624704897403717,"y":-0.08632200211286545,"z":0.014243312180042267,"w":-0.9829173684120178},"size":0.9352970123291016,"orthographic":false}